word,sentiment
abandon,negative
abandoned,negative
abandoning,negative
abandonment,negative
abandonments,negative
abandons,negative
abdicated,negative
abdicates,negative
abdicating,negative
abdication,negative
abdications,negative
aberrant,negative
aberration,negative
aberrational,negative
aberrations,negative
abetting,negative
abnormal,negative
abnormalities,negative
abnormality,negative
abnormally,negative
abolish,negative
abolished,negative
abolishes,negative
abolishing,negative
abrogate,negative
abrogated,negative
abrogates,negative
abrogating,negative
abrogation,negative
abrogations,negative
abrupt,negative
abruptly,negative
abruptness,negative
absence,negative
absences,negative
absenteeism,negative
abuse,negative
abused,negative
abuses,negative
abusing,negative
abusive,negative
abusively,negative
abusiveness,negative
accident,negative
accidental,negative
accidentally,negative
accidents,negative
accusation,negative
accusations,negative
accuse,negative
accused,negative
accuses,negative
accusing,negative
acquiesce,negative
acquiesced,negative
acquiesces,negative
acquiescing,negative
acquit,negative
acquits,negative
acquittal,negative
acquittals,negative
acquitted,negative
acquitting,negative
adulterate,negative
adulterated,negative
adulterating,negative
adulteration,negative
adulterations,negative
adversarial,negative
adversaries,negative
adversary,negative
adverse,negative
adversely,negative
adversities,negative
adversity,negative
aftermath,negative
aftermaths,negative
against,negative
aggravate,negative
aggravated,negative
aggravates,negative
aggravating,negative
aggravation,negative
aggravations,negative
alerted,negative
alerting,negative
alienate,negative
alienated,negative
alienates,negative
alienating,negative
alienation,negative
alienations,negative
allegation,negative
allegations,negative
allege,negative
alleged,negative
allegedly,negative
alleges,negative
alleging,negative
annoy,negative
annoyance,negative
annoyances,negative
annoyed,negative
annoying,negative
annoys,negative
annul,negative
annulled,negative
annulling,negative
annulment,negative
annulments,negative
annuls,negative
anomalies,negative
anomalous,negative
anomalously,negative
anomaly,negative
anticompetitive,negative
antitrust,negative
argue,negative
argued,negative
arguing,negative
argument,negative
argumentative,negative
arguments,negative
arrearage,negative
arrearages,negative
arrears,negative
arrest,negative
arrested,negative
arrests,negative
artificially,negative
assault,negative
assaulted,negative
assaulting,negative
assaults,negative
assertions,negative
attrition,negative
aversely,negative
backdating,negative
bad,negative
bail,negative
bailout,negative
balk,negative
balked,negative
bankrupt,negative
bankruptcies,negative
bankruptcy,negative
bankrupted,negative
bankrupting,negative
bankrupts,negative
bans,negative
barred,negative
barrier,negative
barriers,negative
bottleneck,negative
bottlenecks,negative
boycott,negative
boycotted,negative
boycotting,negative
boycotts,negative
breach,negative
breached,negative
breaches,negative
breaching,negative
break,negative
breakage,negative
breakages,negative
breakdown,negative
breakdowns,negative
breaking,negative
breaks,negative
bribe,negative
bribed,negative
briberies,negative
bribery,negative
bribes,negative
bribing,negative
bridge,negative
broken,negative
burden,negative
burdened,negative
burdening,negative
burdens,negative
burdensome,negative
burned,negative
calamities,negative
calamitous,negative
calamity,negative
cancel,negative
canceled,negative
canceling,negative
cancellation,negative
cancellations,negative
cancelled,negative
cancelling,negative
cancels,negative
careless,negative
carelessly,negative
carelessness,negative
catastrophe,negative
catastrophes,negative
catastrophic,negative
catastrophically,negative
caution,negative
cautionary,negative
cautioned,negative
cautioning,negative
cautions,negative
cease,negative
ceased,negative
ceases,negative
ceasing,negative
censure,negative
censured,negative
censures,negative
censuring,negative
challenge,negative
challenged,negative
challenges,negative
challenging,negative
chargeoffs,negative
circumvent,negative
circumvented,negative
circumventing,negative
circumvention,negative
circumventions,negative
circumvents,negative
claiming,negative
claims,negative
clawback,negative
closed,negative
closeout,negative
closeouts,negative
closing,negative
closings,negative
closure,negative
closures,negative
coerce,negative
coerced,negative
coerces,negative
coercing,negative
coercion,negative
coercive,negative
collapse,negative
collapsed,negative
collapses,negative
collapsing,negative
collision,negative
collisions,negative
collude,negative
colluded,negative
colludes,negative
colluding,negative
collusion,negative
collusions,negative
collusive,negative
complain,negative
complained,negative
complaining,negative
complains,negative
complaint,negative
complaints,negative
complicate,negative
complicated,negative
complicates,negative
complicating,negative
complication,negative
complications,negative
compulsion,negative
concealed,negative
concealing,negative
concede,negative
conceded,negative
concedes,negative
conceding,negative
concern,negative
concerned,negative
concerns,negative
conciliating,negative
conciliation,negative
conciliations,negative
condemn,negative
condemnation,negative
condemnations,negative
condemned,negative
condemning,negative
condemns,negative
condone,negative
condoned,negative
confess,negative
confessed,negative
confesses,negative
confessing,negative
confession,negative
confine,negative
confined,negative
confinement,negative
confinements,negative
confines,negative
confining,negative
confiscate,negative
confiscated,negative
confiscates,negative
confiscating,negative
confiscation,negative
confiscations,negative
conflict,negative
conflicted,negative
conflicting,negative
conflicts,negative
confront,negative
confrontation,negative
confrontational,negative
confrontations,negative
confronted,negative
confronting,negative
confronts,negative
confuse,negative
confused,negative
confuses,negative
confusing,negative
confusingly,negative
confusion,negative
conspiracies,negative
conspiracy,negative
conspirator,negative
conspiratorial,negative
conspirators,negative
conspire,negative
conspired,negative
conspires,negative
conspiring,negative
contempt,negative
contend,negative
contended,negative
contending,negative
contends,negative
contention,negative
contentions,negative
contentious,negative
contentiously,negative
contested,negative
contesting,negative
contraction,negative
contractions,negative
contradict,negative
contradicted,negative
contradicting,negative
contradiction,negative
contradictions,negative
contradictory,negative
contradicts,negative
contrary,negative
controversial,negative
controversies,negative
controversy,negative
convict,negative
convicted,negative
convicting,negative
conviction,negative
convictions,negative
corrected,negative
correcting,negative
correction,negative
corrections,negative
corrects,negative
corrupt,negative
corrupted,negative
corrupting,negative
corruption,negative
corruptions,negative
corruptly,negative
corruptness,negative
costly,negative
counterclaim,negative
counterclaimed,negative
counterclaiming,negative
counterclaims,negative
counterfeit,negative
counterfeited,negative
counterfeiter,negative
counterfeiters,negative
counterfeiting,negative
counterfeits,negative
countermeasure,negative
countermeasures,negative
crime,negative
crimes,negative
criminal,negative
criminally,negative
criminals,negative
crises,negative
crisis,negative
critical,negative
critically,negative
criticism,negative
criticisms,negative
criticize,negative
criticized,negative
criticizes,negative
criticizing,negative
crucial,negative
crucially,negative
culpability,negative
culpable,negative
culpably,negative
cumbersome,negative
curtail,negative
curtailed,negative
curtailing,negative
curtailment,negative
curtailments,negative
curtails,negative
cut,negative
cutback,negative
cutbacks,negative
cyberattack,negative
cyberattacks,negative
cyberbullying,negative
cybercrime,negative
cybercrimes,negative
cybercriminal,negative
cybercriminals,negative
damage,negative
damaged,negative
damages,negative
damaging,negative
dampen,negative
dampened,negative
danger,negative
dangerous,negative
dangerously,negative
dangers,negative
deadlock,negative
deadlocked,negative
deadlocking,negative
deadlocks,negative
deadweight,negative
deadweights,negative
debarment,negative
debarments,negative
debarred,negative
deceased,negative
deceit,negative
deceitful,negative
deceitfulness,negative
deceive,negative
deceived,negative
deceives,negative
deceiving,negative
deception,negative
deceptions,negative
deceptive,negative
deceptively,negative
decline,negative
declined,negative
declines,negative
declining,negative
deface,negative
defaced,negative
defacement,negative
defamation,negative
defamations,negative
defamatory,negative
defame,negative
defamed,negative
defames,negative
defaming,negative
default,negative
defaulted,negative
defaulting,negative
defaults,negative
defeat,negative
defeated,negative
defeating,negative
defeats,negative
defect,negative
defective,negative
defects,negative
defend,negative
defendant,negative
defendants,negative
defended,negative
defending,negative
defends,negative
defensive,negative
defer,negative
deficiencies,negative
deficiency,negative
deficient,negative
deficit,negative
deficits,negative
defraud,negative
defrauded,negative
defrauding,negative
defrauds,negative
defunct,negative
degradation,negative
degradations,negative
degrade,negative
degraded,negative
degrades,negative
degrading,negative
delay,negative
delayed,negative
delaying,negative
delays,negative
deleterious,negative
deliberate,negative
deliberated,negative
deliberately,negative
delinquencies,negative
delinquency,negative
delinquent,negative
delinquently,negative
delinquents,negative
delist,negative
delisted,negative
delisting,negative
delists,negative
demise,negative
demised,negative
demises,negative
demising,negative
demolish,negative
demolished,negative
demolishes,negative
demolishing,negative
demolition,negative
demolitions,negative
demote,negative
demoted,negative
demotes,negative
demoting,negative
demotion,negative
demotions,negative
denial,negative
denials,negative
denied,negative
denies,negative
denigrate,negative
denigrated,negative
denigrates,negative
denigrating,negative
denigration,negative
deny,negative
denying,negative
deplete,negative
depleted,negative
depletes,negative
depleting,negative
depletion,negative
depletions,negative
deprecation,negative
depress,negative
depressed,negative
depresses,negative
depressing,negative
deprivation,negative
deprive,negative
deprived,negative
deprives,negative
depriving,negative
derelict,negative
dereliction,negative
derogatory,negative
destabilization,negative
destabilize,negative
destabilized,negative
destabilizing,negative
destroy,negative
destroyed,negative
destroying,negative
destroys,negative
destruction,negative
destructive,negative
detain,negative
detained,negative
detention,negative
detentions,negative
deter,negative
deteriorate,negative
deteriorated,negative
deteriorates,negative
deteriorating,negative
deterioration,negative
deteriorations,negative
deterred,negative
deterrence,negative
deterrences,negative
deterrent,negative
deterrents,negative
deterring,negative
deters,negative
detract,negative
detracted,negative
detracting,negative
detriment,negative
detrimental,negative
detrimentally,negative
detriments,negative
devalue,negative
devalued,negative
devalues,negative
devaluing,negative
devastate,negative
devastated,negative
devastating,negative
devastation,negative
deviate,negative
deviated,negative
deviates,negative
deviating,negative
deviation,negative
deviations,negative
devolve,negative
devolved,negative
devolves,negative
devolving,negative
difficult,negative
difficulties,negative
difficultly,negative
difficulty,negative
diminish,negative
diminished,negative
diminishes,negative
diminishing,negative
diminution,negative
disadvantage,negative
disadvantaged,negative
disadvantageous,negative
disadvantages,negative
disaffiliation,negative
disagree,negative
disagreeable,negative
disagreed,negative
disagreeing,negative
disagreement,negative
disagreements,negative
disagrees,negative
disallow,negative
disallowance,negative
disallowances,negative
disallowed,negative
disallowing,negative
disallows,negative
disappear,negative
disappearance,negative
disappearances,negative
disappeared,negative
disappearing,negative
disappears,negative
disappoint,negative
disappointed,negative
disappointing,negative
disappointingly,negative
disappointment,negative
disappointments,negative
disappoints,negative
disapproval,negative
disapprovals,negative
disapprove,negative
disapproved,negative
disapproves,negative
disapproving,negative
disassociates,negative
disassociating,negative
disassociation,negative
disassociations,negative
disaster,negative
disasters,negative
disastrous,negative
disastrously,negative
disavow,negative
disavowal,negative
disavowed,negative
disavowing,negative
disavows,negative
disciplinary,negative
disclaim,negative
disclaimed,negative
disclaimer,negative
disclaimers,negative
disclaiming,negative
disclaims,negative
disclose,negative
disclosed,negative
discloses,negative
disclosing,negative
discontinuance,negative
discontinuances,negative
discontinuation,negative
discontinuations,negative
discontinue,negative
discontinued,negative
discontinues,negative
discontinuing,negative
discourage,negative
discouraged,negative
discourages,negative
discouraging,negative
discredit,negative
discredited,negative
discrediting,negative
discredits,negative
discrepancies,negative
discrepancy,negative
disfavor,negative
disfavored,negative
disfavoring,negative
disfavors,negative
disgorge,negative
disgorged,negative
disgorgement,negative
disgorgements,negative
disgorges,negative
disgorging,negative
disgrace,negative
disgraceful,negative
disgracefully,negative
dishonest,negative
dishonestly,negative
dishonesty,negative
dishonor,negative
dishonorable,negative
dishonorably,negative
dishonored,negative
dishonoring,negative
dishonors,negative
disincentives,negative
disinterested,negative
disinterestedly,negative
disinterestedness,negative
disloyal,negative
disloyally,negative
disloyalty,negative
dismal,negative
dismally,negative
dismiss,negative
dismissal,negative
dismissals,negative
dismissed,negative
dismisses,negative
dismissing,negative
disorderly,negative
disparage,negative
disparaged,negative
disparagement,negative
disparagements,negative
disparages,negative
disparaging,negative
disparagingly,negative
disparities,negative
disparity,negative
displace,negative
displaced,negative
displacement,negative
displacements,negative
displaces,negative
displacing,negative
dispose,negative
dispossess,negative
dispossessed,negative
dispossesses,negative
dispossessing,negative
disproportion,negative
disproportional,negative
disproportionate,negative
disproportionately,negative
dispute,negative
disputed,negative
disputes,negative
disputing,negative
disqualification,negative
disqualifications,negative
disqualified,negative
disqualifies,negative
disqualify,negative
disqualifying,negative
disregard,negative
disregarded,negative
disregarding,negative
disregards,negative
disreputable,negative
disrepute,negative
disrupt,negative
disrupted,negative
disrupting,negative
disruption,negative
disruptions,negative
disruptive,negative
disrupts,negative
dissatisfaction,negative
dissatisfied,negative
dissent,negative
dissented,negative
dissenter,negative
dissenters,negative
dissenting,negative
dissents,negative
dissident,negative
dissidents,negative
dissolution,negative
dissolutions,negative
distort,negative
distorted,negative
distorting,negative
distortion,negative
distortions,negative
distorts,negative
distract,negative
distracted,negative
distracting,negative
distraction,negative
distractions,negative
distracts,negative
distress,negative
distressed,negative
disturb,negative
disturbance,negative
disturbances,negative
disturbed,negative
disturbing,negative
disturbs,negative
diversion,negative
divert,negative
diverted,negative
diverting,negative
diverts,negative
divest,negative
divested,negative
divesting,negative
divestiture,negative
divestitures,negative
divestment,negative
divestments,negative
divests,negative
divorce,negative
divorced,negative
divulge,negative
divulged,negative
divulges,negative
divulging,negative
doubt,negative
doubted,negative
doubtful,negative
doubts,negative
downgrade,negative
downgraded,negative
downgrades,negative
downgrading,negative
downsize,negative
downsized,negative
downsizes,negative
downsizing,negative
downsizings,negative
downtime,negative
downtimes,negative
downturn,negative
downturns,negative
downward,negative
downwards,negative
drag,negative
drastic,negative
drastically,negative
drawback,negative
drawbacks,negative
dropped,negative
drought,negative
droughts,negative
duress,negative
dysfunction,negative
dysfunctional,negative
dysfunctions,negative
easing,negative
egregious,negative
egregiously,negative
embargo,negative
embargoed,negative
embargoes,negative
embargoing,negative
embarrass,negative
embarrassed,negative
embarrasses,negative
embarrassing,negative
embarrassment,negative
embarrassments,negative
embezzle,negative
embezzled,negative
embezzlement,negative
embezzlements,negative
embezzler,negative
embezzles,negative
embezzling,negative
encroach,negative
encroached,negative
encroaches,negative
encroaching,negative
encroachment,negative
encroachments,negative
encumber,negative
encumbered,negative
encumbering,negative
encumbers,negative
encumbrance,negative
encumbrances,negative
endanger,negative
endangered,negative
endangering,negative
endangerment,negative
endangers,negative
enjoin,negative
enjoined,negative
enjoining,negative
enjoins,negative
erode,negative
eroded,negative
erodes,negative
eroding,negative
erosion,negative
erratic,negative
erratically,negative
erred,negative
erring,negative
erroneous,negative
erroneously,negative
error,negative
errors,negative
errs,negative
escalate,negative
escalated,negative
escalates,negative
escalating,negative
evade,negative
evaded,negative
evades,negative
evading,negative
evasion,negative
evasions,negative
evasive,negative
evict,negative
evicted,negative
evicting,negative
eviction,negative
evictions,negative
evicts,negative
exacerbate,negative
exacerbated,negative
exacerbates,negative
exacerbating,negative
exacerbation,negative
exacerbations,negative
exaggerate,negative
exaggerated,negative
exaggerates,negative
exaggerating,negative
exaggeration,negative
excessive,negative
excessively,negative
exculpate,negative
exculpated,negative
exculpates,negative
exculpating,negative
exculpation,negative
exculpations,negative
exculpatory,negative
exonerate,negative
exonerated,negative
exonerates,negative
exonerating,negative
exoneration,negative
exonerations,negative
exploit,negative
exploitation,negative
exploitations,negative
exploitative,negative
exploited,negative
exploiting,negative
exploits,negative
expose,negative
exposed,negative
exposes,negative
exposing,negative
expropriate,negative
expropriated,negative
expropriates,negative
expropriating,negative
expropriation,negative
expropriations,negative
expulsion,negative
expulsions,negative
extenuating,negative
fail,negative
failed,negative
failing,negative
failings,negative
fails,negative
failure,negative
failures,negative
fallout,negative
false,negative
falsely,negative
falsification,negative
falsifications,negative
falsified,negative
falsifies,negative
falsify,negative
falsifying,negative
falsity,negative
fatalities,negative
fatality,negative
fatally,negative
fault,negative
faulted,negative
faults,negative
faulty,negative
fear,negative
fears,negative
felonies,negative
felonious,negative
felony,negative
fictitious,negative
fined,negative
fines,negative
fired,negative
firing,negative
flaw,negative
flawed,negative
flaws,negative
forbid,negative
forbidden,negative
forbidding,negative
forbids,negative
force,negative
forced,negative
forcing,negative
foreclose,negative
foreclosed,negative
forecloses,negative
foreclosing,negative
foreclosure,negative
foreclosures,negative
forego,negative
foregoes,negative
foregone,negative
forestall,negative
forestalled,negative
forestalling,negative
forestalls,negative
forfeit,negative
forfeited,negative
forfeiting,negative
forfeits,negative
forfeiture,negative
forfeitures,negative
forgers,negative
forgery,negative
fraud,negative
frauds,negative
fraudulence,negative
fraudulent,negative
fraudulently,negative
frivolous,negative
frivolously,negative
frustrate,negative
frustrated,negative
frustrates,negative
frustrating,negative
frustratingly,negative
frustration,negative
frustrations,negative
fugitive,negative
fugitives,negative
gratuitous,negative
gratuitously,negative
grievance,negative
grievances,negative
grossly,negative
groundless,negative
guilty,negative
halt,negative
halted,negative
hamper,negative
hampered,negative
hampering,negative
hampers,negative
harass,negative
harassed,negative
harassing,negative
harassment,negative
hardship,negative
hardships,negative
harm,negative
harmed,negative
harmful,negative
harmfully,negative
harming,negative
harms,negative
harsh,negative
harsher,negative
harshest,negative
harshly,negative
harshness,negative
hazard,negative
hazardous,negative
hazards,negative
hinder,negative
hindered,negative
hindering,negative
hinders,negative
hindrance,negative
hindrances,negative
hostile,negative
hostility,negative
hurt,negative
hurting,negative
idle,negative
idled,negative
idling,negative
ignore,negative
ignored,negative
ignores,negative
ignoring,negative
ill,negative
illegal,negative
illegalities,negative
illegality,negative
illegally,negative
illegible,negative
illicit,negative
illicitly,negative
illiquid,negative
illiquidity,negative
imbalance,negative
imbalances,negative
immature,negative
immoral,negative
impair,negative
impaired,negative
impairing,negative
impairment,negative
impairments,negative
impairs,negative
impasse,negative
impasses,negative
impede,negative
impeded,negative
impedes,negative
impediment,negative
impediments,negative
impeding,negative
impending,negative
imperative,negative
imperfection,negative
imperfections,negative
imperil,negative
impermissible,negative
implicate,negative
implicated,negative
implicates,negative
implicating,negative
impossibility,negative
impossible,negative
impound,negative
impounded,negative
impounding,negative
impounds,negative
impracticable,negative
impractical,negative
impracticalities,negative
impracticality,negative
imprisonment,negative
improper,negative
improperly,negative
improprieties,negative
impropriety,negative
imprudent,negative
imprudently,negative
inability,negative
inaccessible,negative
inaccuracies,negative
inaccuracy,negative
inaccurate,negative
inaccurately,negative
inaction,negative
inactions,negative
inactivate,negative
inactivated,negative
inactivates,negative
inactivating,negative
inactivation,negative
inactivations,negative
inactivity,negative
inadequacies,negative
inadequacy,negative
inadequate,negative
inadequately,negative
inadvertent,negative
inadvertently,negative
inadvisability,negative
inadvisable,negative
inappropriate,negative
inappropriately,negative
inattention,negative
incapable,negative
incapacitated,negative
incapacity,negative
incarcerate,negative
incarcerated,negative
incarcerates,negative
incarcerating,negative
incarceration,negative
incarcerations,negative
incidence,negative
incidences,negative
incident,negative
incidents,negative
incompatibilities,negative
incompatibility,negative
incompatible,negative
incompetence,negative
incompetency,negative
incompetent,negative
incompetently,negative
incompetents,negative
incomplete,negative
incompletely,negative
incompleteness,negative
inconclusive,negative
inconsistencies,negative
inconsistency,negative
inconsistent,negative
inconsistently,negative
inconvenience,negative
inconveniences,negative
inconvenient,negative
incorrect,negative
incorrectly,negative
incorrectness,negative
indecency,negative
indecent,negative
indefeasible,negative
indefeasibly,negative
indict,negative
indictable,negative
indicted,negative
indicting,negative
indictment,negative
indictments,negative
ineffective,negative
ineffectively,negative
ineffectiveness,negative
inefficiencies,negative
inefficiency,negative
inefficient,negative
inefficiently,negative
ineligibility,negative
ineligible,negative
inequitable,negative
inequitably,negative
inequities,negative
inequity,negative
inevitable,negative
inexperience,negative
inexperienced,negative
inferior,negative
inflicted,negative
infraction,negative
infractions,negative
infringe,negative
infringed,negative
infringement,negative
infringements,negative
infringes,negative
infringing,negative
inhibited,negative
inimical,negative
injunction,negative
injunctions,negative
injure,negative
injured,negative
injures,negative
injuries,negative
injuring,negative
injurious,negative
injury,negative
inordinate,negative
inordinately,negative
inquiry,negative
insecure,negative
insensitive,negative
insolvencies,negative
insolvency,negative
insolvent,negative
instability,negative
insubordination,negative
insufficiency,negative
insufficient,negative
insufficiently,negative
insurrection,negative
insurrections,negative
intentional,negative
interfere,negative
interfered,negative
interference,negative
interferences,negative
interferes,negative
interfering,negative
intermittent,negative
intermittently,negative
interrupt,negative
interrupted,negative
interrupting,negative
interruption,negative
interruptions,negative
interrupts,negative
intimidation,negative
intrusion,negative
invalid,negative
invalidate,negative
invalidated,negative
invalidates,negative
invalidating,negative
invalidation,negative
invalidity,negative
investigate,negative
investigated,negative
investigates,negative
investigating,negative
investigation,negative
investigations,negative
involuntarily,negative
involuntary,negative
irreconcilable,negative
irreconcilably,negative
irrecoverable,negative
irrecoverably,negative
irregular,negative
irregularities,negative
irregularity,negative
irregularly,negative
irreparable,negative
irreparably,negative
irreversible,negative
jeopardize,negative
jeopardized,negative
justifiable,negative
kickback,negative
kickbacks,negative
knowingly,negative
lack,negative
lacked,negative
lacking,negative
lackluster,negative
lacks,negative
lag,negative
lagged,negative
lagging,negative
lags,negative
lapse,negative
lapsed,negative
lapses,negative
lapsing,negative
late,negative
laundering,negative
layoff,negative
layoffs,negative
lie,negative
limitation,negative
limitations,negative
lingering,negative
liquidate,negative
liquidated,negative
liquidates,negative
liquidating,negative
liquidation,negative
liquidations,negative
liquidator,negative
liquidators,negative
litigant,negative
litigants,negative
litigate,negative
litigated,negative
litigates,negative
litigating,negative
litigation,negative
litigations,negative
lockout,negative
lockouts,negative
lose,negative
loses,negative
losing,negative
loss,negative
losses,negative
lost,negative
lying,negative
malfeasance,negative
malfunction,negative
malfunctioned,negative
malfunctioning,negative
malfunctions,negative
malice,negative
malicious,negative
maliciously,negative
malpractice,negative
manipulate,negative
manipulated,negative
manipulates,negative
manipulating,negative
manipulation,negative
manipulations,negative
manipulative,negative
markdown,negative
markdowns,negative
misapplication,negative
misapplications,negative
misapplied,negative
misapplies,negative
misapply,negative
misapplying,negative
misappropriate,negative
misappropriated,negative
misappropriates,negative
misappropriating,negative
misappropriation,negative
misappropriations,negative
misbranded,negative
miscalculate,negative
miscalculated,negative
miscalculates,negative
miscalculating,negative
miscalculation,negative
miscalculations,negative
mischaracterization,negative
mischief,negative
misclassification,negative
misclassifications,negative
misclassified,negative
misclassify,negative
miscommunication,negative
misconduct,negative
misdated,negative
misdemeanor,negative
misdemeanors,negative
misdirected,negative
mishandle,negative
mishandled,negative
mishandles,negative
mishandling,negative
misinform,negative
misinformation,negative
misinformed,negative
misinforming,negative
misinforms,negative
misinterpret,negative
misinterpretation,negative
misinterpretations,negative
misinterpreted,negative
misinterpreting,negative
misinterprets,negative
misjudge,negative
misjudged,negative
misjudges,negative
misjudging,negative
misjudgment,negative
misjudgments,negative
mislabel,negative
mislabeled,negative
mislabeling,negative
mislabelled,negative
mislabels,negative
mislead,negative
misleading,negative
misleadingly,negative
misleads,negative
misled,negative
mismanage,negative
mismanaged,negative
mismanagement,negative
mismanages,negative
mismanaging,negative
mismatch,negative
mismatched,negative
mismatches,negative
mismatching,negative
misplaced,negative
misprice,negative
mispricing,negative
mispricings,negative
misrepresent,negative
misrepresentation,negative
misrepresentations,negative
misrepresented,negative
misrepresenting,negative
misrepresents,negative
miss,negative
missed,negative
misses,negative
misstate,negative
misstated,negative
misstatement,negative
misstatements,negative
misstates,negative
misstating,negative
misstep,negative
missteps,negative
mistake,negative
mistaken,negative
mistakenly,negative
mistakes,negative
mistaking,negative
mistrial,negative
mistrials,negative
misunderstand,negative
misunderstanding,negative
misunderstandings,negative
misunderstood,negative
misuse,negative
misused,negative
misuses,negative
misusing,negative
monopolistic,negative
monopolists,negative
monopolization,negative
monopolize,negative
monopolized,negative
monopolizes,negative
monopolizing,negative
monopoly,negative
moratoria,negative
moratorium,negative
moratoriums,negative
mothballed,negative
mothballing,negative
negative,negative
negatively,negative
negatives,negative
neglect,negative
neglected,negative
neglectful,negative
neglecting,negative
neglects,negative
negligence,negative
negligences,negative
negligent,negative
negligently,negative
nonattainment,negative
noncompetitive,negative
noncompliance,negative
noncompliances,negative
noncompliant,negative
noncomplying,negative
nonconforming,negative
nonconformities,negative
nonconformity,negative
nondisclosure,negative
nonfunctional,negative
nonpayment,negative
nonpayments,negative
nonperformance,negative
nonperformances,negative
nonperforming,negative
nonproducing,negative
nonproductive,negative
nonrecoverable,negative
nonrenewal,negative
nuisance,negative
nuisances,negative
nullification,negative
nullifications,negative
nullified,negative
nullifies,negative
nullify,negative
nullifying,negative
objected,negative
objecting,negative
objection,negative
objectionable,negative
objectionably,negative
objections,negative
obscene,negative
obscenity,negative
obsolescence,negative
obsolete,negative
obstacle,negative
obstacles,negative
obstruct,negative
obstructed,negative
obstructing,negative
obstruction,negative
obstructions,negative
offence,negative
offences,negative
offend,negative
offended,negative
offender,negative
offenders,negative
offending,negative
offends,negative
omission,negative
omissions,negative
omit,negative
omits,negative
omitted,negative
omitting,negative
onerous,negative
opportunistic,negative
opportunistically,negative
oppose,negative
opposed,negative
opposes,negative
opposing,negative
opposition,negative
oppositions,negative
outage,negative
outages,negative
outdated,negative
outmoded,negative
overage,negative
overages,negative
overbuild,negative
overbuilding,negative
overbuilds,negative
overbuilt,negative
overburden,negative
overburdened,negative
overburdening,negative
overcapacities,negative
overcapacity,negative
overcharge,negative
overcharged,negative
overcharges,negative
overcharging,negative
overcome,negative
overcomes,negative
overcoming,negative
overdue,negative
overestimate,negative
overestimated,negative
overestimates,negative
overestimating,negative
overestimation,negative
overestimations,negative
overload,negative
overloaded,negative
overloading,negative
overloads,negative
overlook,negative
overlooked,negative
overlooking,negative
overlooks,negative
overpaid,negative
overpayment,negative
overpayments,negative
overproduced,negative
overproduces,negative
overproducing,negative
overproduction,negative
overrun,negative
overrunning,negative
overruns,negative
overshadow,negative
overshadowed,negative
overshadowing,negative
overshadows,negative
overstate,negative
overstated,negative
overstatement,negative
overstatements,negative
overstates,negative
overstating,negative
oversupplied,negative
oversupplies,negative
oversupply,negative
oversupplying,negative
overtly,negative
overturn,negative
overturned,negative
overturning,negative
overturns,negative
overvalue,negative
overvalued,negative
overvaluing,negative
panic,negative
panics,negative
penalize,negative
penalized,negative
penalizes,negative
penalizing,negative
penalties,negative
penalty,negative
peril,negative
perils,negative
perjury,negative
perpetrate,negative
perpetrated,negative
perpetrates,negative
perpetrating,negative
perpetration,negative
persist,negative
persisted,negative
persistence,negative
persistent,negative
persistently,negative
persisting,negative
persists,negative
pervasive,negative
pervasively,negative
pervasiveness,negative
petty,negative
picket,negative
picketed,negative
picketing,negative
plaintiff,negative
plaintiffs,negative
plea,negative
plead,negative
pleaded,negative
pleading,negative
pleadings,negative
pleads,negative
pleas,negative
pled,negative
poor,negative
poorly,negative
poses,negative
posing,negative
postpone,negative
postponed,negative
postponement,negative
postponements,negative
postpones,negative
postponing,negative
precipitated,negative
precipitous,negative
precipitously,negative
preclude,negative
precluded,negative
precludes,negative
precluding,negative
predatory,negative
prejudice,negative
prejudiced,negative
prejudices,negative
prejudicial,negative
prejudicing,negative
premature,negative
prematurely,negative
pressing,negative
pretrial,negative
preventing,negative
prevention,negative
prevents,negative
problem,negative
problematic,negative
problematical,negative
problems,negative
prolong,negative
prolongation,negative
prolongations,negative
prolonged,negative
prolonging,negative
prolongs,negative
prone,negative
prosecute,negative
prosecuted,negative
prosecutes,negative
prosecuting,negative
prosecution,negative
prosecutions,negative
protest,negative
protested,negative
protester,negative
protesters,negative
protesting,negative
protestor,negative
protestors,negative
protests,negative
protracted,negative
protraction,negative
provoke,negative
provoked,negative
provokes,negative
provoking,negative
punished,negative
punishes,negative
punishing,negative
punishment,negative
punishments,negative
punitive,negative
purport,negative
purported,negative
purportedly,negative
purporting,negative
purports,negative
question,negative
questionable,negative
questionably,negative
questioned,negative
questioning,negative
questions,negative
quit,negative
quitting,negative
racketeer,negative
racketeering,negative
rationalization,negative
rationalizations,negative
rationalize,negative
rationalized,negative
rationalizes,negative
rationalizing,negative
reassessment,negative
reassessments,negative
reassign,negative
reassigned,negative
reassigning,negative
reassignment,negative
reassignments,negative
reassigns,negative
recall,negative
recalled,negative
recalling,negative
recalls,negative
recession,negative
recessionary,negative
recessions,negative
reckless,negative
recklessly,negative
recklessness,negative
redact,negative
redacted,negative
redacting,negative
redaction,negative
redactions,negative
redefault,negative
redefaulted,negative
redefaults,negative
redress,negative
redressed,negative
redresses,negative
redressing,negative
refusal,negative
refusals,negative
refuse,negative
refused,negative
refuses,negative
refusing,negative
reject,negative
rejected,negative
rejecting,negative
rejection,negative
rejections,negative
rejects,negative
relinquish,negative
relinquished,negative
relinquishes,negative
relinquishing,negative
relinquishment,negative
relinquishments,negative
reluctance,negative
reluctant,negative
renegotiate,negative
renegotiated,negative
renegotiates,negative
renegotiating,negative
renegotiation,negative
renegotiations,negative
renounce,negative
renounced,negative
renouncement,negative
renouncements,negative
renounces,negative
renouncing,negative
reparation,negative
reparations,negative
repossessed,negative
repossesses,negative
repossessing,negative
repossession,negative
repossessions,negative
repudiate,negative
repudiated,negative
repudiates,negative
repudiating,negative
repudiation,negative
repudiations,negative
resign,negative
resignation,negative
resignations,negative
resigned,negative
resigning,negative
resigns,negative
restate,negative
restated,negative
restatement,negative
restatements,negative
restates,negative
restating,negative
restructure,negative
restructured,negative
restructures,negative
restructuring,negative
restructurings,negative
retaliate,negative
retaliated,negative
retaliates,negative
retaliating,negative
retaliation,negative
retaliations,negative
retaliatory,negative
retribution,negative
retributions,negative
revocation,negative
revocations,negative
revoke,negative
revoked,negative
revokes,negative
revoking,negative
ridicule,negative
ridiculed,negative
ridicules,negative
ridiculing,negative
riskier,negative
riskiest,negative
risky,negative
sabotage,negative
sacrifice,negative
sacrificed,negative
sacrifices,negative
sacrificial,negative
sacrificing,negative
scandalous,negative
scandals,negative
scrutinize,negative
scrutinized,negative
scrutinizes,negative
scrutinizing,negative
scrutiny,negative
secrecy,negative
seize,negative
seized,negative
seizes,negative
seizing,negative
sentenced,negative
sentencing,negative
serious,negative
seriously,negative
seriousness,negative
setback,negative
setbacks,negative
sever,negative
severe,negative
severed,negative
severely,negative
severities,negative
severity,negative
sharply,negative
shocked,negative
shortage,negative
shortages,negative
shortfall,negative
shortfalls,negative
shrinkage,negative
shrinkages,negative
shut,negative
shutdown,negative
shutdowns,negative
shuts,negative
shutting,negative
slander,negative
slandered,negative
slanderous,negative
slanders,negative
slippage,negative
slippages,negative
slow,negative
slowdown,negative
slowdowns,negative
slowed,negative
slower,negative
slowest,negative
slowing,negative
slowly,negative
slowness,negative
sluggish,negative
sluggishly,negative
sluggishness,negative
solvencies,negative
solvency,negative
spam,negative
spammers,negative
spamming,negative
staggering,negative
stagnant,negative
stagnate,negative
stagnated,negative
stagnates,negative
stagnating,negative
stagnation,negative
standstill,negative
standstills,negative
stolen,negative
stoppage,negative
stoppages,negative
stopped,negative
stopping,negative
stops,negative
strain,negative
strained,negative
straining,negative
strains,negative
stress,negative
stressed,negative
stresses,negative
stressful,negative
stressing,negative
stringent,negative
subjected,negative
subjecting,negative
subjection,negative
subpoena,negative
subpoenaed,negative
subpoenas,negative
substandard,negative
sue,negative
sued,negative
sues,negative
suffer,negative
suffered,negative
suffering,negative
suffers,negative
suing,negative
summoned,negative
summoning,negative
summons,negative
summonses,negative
susceptibility,negative
susceptible,negative
suspect,negative
suspected,negative
suspects,negative
suspend,negative
suspended,negative
suspending,negative
suspends,negative
suspension,negative
suspensions,negative
suspicion,negative
suspicions,negative
suspicious,negative
suspiciously,negative
taint,negative
tainted,negative
tainting,negative
taints,negative
tampered,negative
tense,negative
terminate,negative
terminated,negative
terminates,negative
terminating,negative
termination,negative
terminations,negative
testify,negative
testifying,negative
threat,negative
threaten,negative
threatened,negative
threatening,negative
threatens,negative
threats,negative
tightening,negative
tolerate,negative
tolerated,negative
tolerates,negative
tolerating,negative
toleration,negative
tortuous,negative
tortuously,negative
tragedies,negative
tragedy,negative
tragic,negative
tragically,negative
traumatic,negative
trouble,negative
troubled,negative
troubles,negative
turbulence,negative
turmoil,negative
unable,negative
unacceptable,negative
unacceptably,negative
unaccounted,negative
unannounced,negative
unanticipated,negative
unapproved,negative
unattractive,negative
unauthorized,negative
unavailability,negative
unavailable,negative
unavoidable,negative
unavoidably,negative
unaware,negative
uncollectable,negative
uncollected,negative
uncollectibility,negative
uncollectible,negative
uncollectibles,negative
uncompetitive,negative
uncompleted,negative
unconscionable,negative
unconscionably,negative
uncontrollable,negative
uncontrollably,negative
uncontrolled,negative
uncorrected,negative
uncover,negative
uncovered,negative
uncovering,negative
uncovers,negative
undeliverable,negative
undelivered,negative
undercapitalized,negative
undercut,negative
undercuts,negative
undercutting,negative
underestimate,negative
underestimated,negative
underestimates,negative
underestimating,negative
underestimation,negative
underfunded,negative
underinsured,negative
undermine,negative
undermined,negative
undermines,negative
undermining,negative
underpaid,negative
underpayment,negative
underpayments,negative
underpays,negative
underperform,negative
underperformance,negative
underperformed,negative
underperforming,negative
underperforms,negative
underproduced,negative
underproduction,negative
underreporting,negative
understate,negative
understated,negative
understatement,negative
understatements,negative
understates,negative
understating,negative
underutilization,negative
underutilized,negative
undesirable,negative
undesired,negative
undetected,negative
undetermined,negative
undisclosed,negative
undocumented,negative
undue,negative
unduly,negative
uneconomic,negative
uneconomical,negative
uneconomically,negative
unemployed,negative
unemployment,negative
unethical,negative
unethically,negative
unexcused,negative
unexpected,negative
unexpectedly,negative
unfair,negative
unfairly,negative
unfavorability,negative
unfavorable,negative
unfavorably,negative
unfavourable,negative
unfeasible,negative
unfit,negative
unfitness,negative
unforeseeable,negative
unforeseen,negative
unforseen,negative
unfortunate,negative
unfortunately,negative
unfounded,negative
unfriendly,negative
unfulfilled,negative
unfunded,negative
uninsured,negative
unintended,negative
unintentional,negative
unintentionally,negative
unjust,negative
unjustifiable,negative
unjustifiably,negative
unjustified,negative
unjustly,negative
unknowing,negative
unknowingly,negative
unlawful,negative
unlawfully,negative
unlicensed,negative
unliquidated,negative
unmarketable,negative
unmerchantable,negative
unmeritorious,negative
unnecessarily,negative
unnecessary,negative
unneeded,negative
unobtainable,negative
unoccupied,negative
unpaid,negative
unperformed,negative
unplanned,negative
unpopular,negative
unpredictability,negative
unpredictable,negative
unpredictably,negative
unpredicted,negative
unproductive,negative
unprofitability,negative
unprofitable,negative
unqualified,negative
unrealistic,negative
unreasonable,negative
unreasonableness,negative
unreasonably,negative
unreceptive,negative
unrecoverable,negative
unrecovered,negative
unreimbursed,negative
unreliable,negative
unremedied,negative
unreported,negative
unresolved,negative
unrest,negative
unsafe,negative
unsalable,negative
unsaleable,negative
unsatisfactory,negative
unsatisfied,negative
unsavory,negative
unscheduled,negative
unsellable,negative
unsold,negative
unsound,negative
unstabilized,negative
unstable,negative
unsubstantiated,negative
unsuccessful,negative
unsuccessfully,negative
unsuitability,negative
unsuitable,negative
unsuitably,negative
unsuited,negative
unsure,negative
unsuspected,negative
unsuspecting,negative
unsustainable,negative
untenable,negative
untimely,negative
untrusted,negative
untruth,negative
untruthful,negative
untruthfully,negative
untruthfulness,negative
untruths,negative
unusable,negative
unwanted,negative
unwarranted,negative
unwelcome,negative
unwilling,negative
unwillingness,negative
upset,negative
urgency,negative
urgent,negative
usurious,negative
usurp,negative
usurped,negative
usurping,negative
usurps,negative
usury,negative
vandalism,negative
verdict,negative
verdicts,negative
vetoed,negative
victims,negative
violate,negative
violated,negative
violates,negative
violating,negative
violation,negative
violations,negative
violative,negative
violator,negative
violators,negative
violence,negative
violent,negative
violently,negative
vitiate,negative
vitiated,negative
vitiates,negative
vitiating,negative
vitiation,negative
voided,negative
voiding,negative
volatile,negative
volatility,negative
vulnerabilities,negative
vulnerability,negative
vulnerable,negative
vulnerably,negative
warn,negative
warned,negative
warning,negative
warnings,negative
warns,negative
wasted,negative
wasteful,negative
wasting,negative
weak,negative
weaken,negative
weakened,negative
weakening,negative
weakens,negative
weaker,negative
weakest,negative
weakly,negative
weakness,negative
weaknesses,negative
willfully,negative
worries,negative
worry,negative
worrying,negative
worse,negative
worsen,negative
worsened,negative
worsening,negative
worsens,negative
worst,negative
worthless,negative
writedown,negative
writedowns,negative
writeoff,negative
writeoffs,negative
wrong,negative
wrongdoing,negative
wrongdoings,negative
wrongful,negative
wrongfully,negative
wrongly,negative
able,positive
abundance,positive
abundant,positive
acclaimed,positive
accomplish,positive
accomplished,positive
accomplishes,positive
accomplishing,positive
accomplishment,positive
accomplishments,positive
achieve,positive
achieved,positive
achievement,positive
achievements,positive
achieves,positive
achieving,positive
adequately,positive
advancement,positive
advancements,positive
advances,positive
advancing,positive
advantage,positive
advantaged,positive
advantageous,positive
advantageously,positive
advantages,positive
alliance,positive
alliances,positive
assure,positive
assured,positive
assures,positive
assuring,positive
attain,positive
attained,positive
attaining,positive
attainment,positive
attainments,positive
attains,positive
attractive,positive
attractiveness,positive
beautiful,positive
beautifully,positive
beneficial,positive
beneficially,positive
benefit,positive
benefited,positive
benefiting,positive
benefitted,positive
benefitting,positive
best,positive
better,positive
bolstered,positive
bolstering,positive
bolsters,positive
boom,positive
booming,positive
boost,positive
boosted,positive
breakthrough,positive
breakthroughs,positive
brilliant,positive
charitable,positive
collaborate,positive
collaborated,positive
collaborates,positive
collaborating,positive
collaboration,positive
collaborations,positive
collaborative,positive
collaborator,positive
collaborators,positive
compliment,positive
complimentary,positive
complimented,positive
complimenting,positive
compliments,positive
conclusive,positive
conclusively,positive
conducive,positive
confident,positive
constructive,positive
constructively,positive
courteous,positive
creative,positive
creatively,positive
creativeness,positive
creativity,positive
delight,positive
delighted,positive
delightful,positive
delightfully,positive
delighting,positive
delights,positive
dependability,positive
dependable,positive
desirable,positive
desired,positive
despite,positive
destined,positive
diligent,positive
diligently,positive
distinction,positive
distinctions,positive
distinctive,positive
distinctively,positive
distinctiveness,positive
dream,positive
easier,positive
easily,positive
easy,positive
effective,positive
efficiencies,positive
efficiency,positive
efficient,positive
efficiently,positive
empower,positive
empowered,positive
empowering,positive
empowers,positive
enable,positive
enabled,positive
enables,positive
enabling,positive
encouraged,positive
encouragement,positive
encourages,positive
encouraging,positive
enhance,positive
enhanced,positive
enhancement,positive
enhancements,positive
enhances,positive
enhancing,positive
enjoy,positive
enjoyable,positive
enjoyably,positive
enjoyed,positive
enjoying,positive
enjoyment,positive
enjoys,positive
enthusiasm,positive
enthusiastic,positive
enthusiastically,positive
excellence,positive
excellent,positive
excelling,positive
excels,positive
exceptional,positive
exceptionally,positive
excited,positive
excitement,positive
exciting,positive
exclusive,positive
exclusively,positive
exclusiveness,positive
exclusives,positive
exclusivity,positive
exemplary,positive
fantastic,positive
favorable,positive
favorably,positive
favored,positive
favoring,positive
favorite,positive
favorites,positive
friendly,positive
gain,positive
gained,positive
gaining,positive
gains,positive
good,positive
great,positive
greater,positive
greatest,positive
greatly,positive
greatness,positive
happiest,positive
happily,positive
happiness,positive
happy,positive
highest,positive
honor,positive
honorable,positive
honored,positive
honoring,positive
honors,positive
ideal,positive
impress,positive
impressed,positive
impresses,positive
impressing,positive
impressive,positive
impressively,positive
improve,positive
improved,positive
improvement,positive
improvements,positive
improves,positive
improving,positive
incredible,positive
incredibly,positive
influential,positive
informative,positive
ingenuity,positive
innovate,positive
innovated,positive
innovates,positive
innovating,positive
innovation,positive
innovations,positive
innovative,positive
innovativeness,positive
innovator,positive
innovators,positive
insightful,positive
inspiration,positive
inspirational,positive
integrity,positive
invent,positive
invented,positive
inventing,positive
invention,positive
inventions,positive
inventive,positive
inventiveness,positive
inventor,positive
inventors,positive
leadership,positive
leading,positive
loyal,positive
lucrative,positive
meritorious,positive
opportunities,positive
opportunity,positive
optimistic,positive
outperform,positive
outperformed,positive
outperforming,positive
outperforms,positive
perfect,positive
perfected,positive
perfectly,positive
perfects,positive
pleasant,positive
pleasantly,positive
pleased,positive
pleasure,positive
plentiful,positive
popular,positive
popularity,positive
positive,positive
positively,positive
preeminence,positive
preeminent,positive
premier,positive
premiere,positive
prestige,positive
prestigious,positive
proactive,positive
proactively,positive
proficiency,positive
proficient,positive
proficiently,positive
profitability,positive
profitable,positive
profitably,positive
progress,positive
progressed,positive
progresses,positive
progressing,positive
prospered,positive
prospering,positive
prosperity,positive
prosperous,positive
prospers,positive
rebound,positive
rebounded,positive
rebounding,positive
receptive,positive
regain,positive
regained,positive
regaining,positive
resolve,positive
revolutionize,positive
revolutionized,positive
revolutionizes,positive
revolutionizing,positive
reward,positive
rewarded,positive
rewarding,positive
rewards,positive
satisfaction,positive
satisfactorily,positive
satisfactory,positive
satisfied,positive
satisfies,positive
satisfy,positive
satisfying,positive
smooth,positive
smoothing,positive
smoothly,positive
smooths,positive
solves,positive
solving,positive
spectacular,positive
spectacularly,positive
stability,positive
stabilization,positive
stabilizations,positive
stabilize,positive
stabilized,positive
stabilizes,positive
stabilizing,positive
stable,positive
strength,positive
strengthen,positive
strengthened,positive
strengthening,positive
strengthens,positive
strengths,positive
strong,positive
stronger,positive
strongest,positive
succeed,positive
succeeded,positive
succeeding,positive
succeeds,positive
success,positive
successes,positive
successful,positive
successfully,positive
superior,positive
surpass,positive
surpassed,positive
surpasses,positive
surpassing,positive
transparency,positive
tremendous,positive
tremendously,positive
unmatched,positive
unparalleled,positive
unsurpassed,positive
upturn,positive
upturns,positive
valuable,positive
versatile,positive
versatility,positive
vibrancy,positive
vibrant,positive
win,positive
winner,positive
winners,positive
winning,positive
worthy,positive
abeyance,uncertainty
abeyances,uncertainty
almost,uncertainty
alteration,uncertainty
alterations,uncertainty
ambiguities,uncertainty
ambiguity,uncertainty
ambiguous,uncertainty
anomalies,uncertainty
anomalous,uncertainty
anomalously,uncertainty
anomaly,uncertainty
anticipate,uncertainty
anticipated,uncertainty
anticipates,uncertainty
anticipating,uncertainty
anticipation,uncertainty
anticipations,uncertainty
apparent,uncertainty
apparently,uncertainty
appear,uncertainty
appeared,uncertainty
appearing,uncertainty
appears,uncertainty
approximate,uncertainty
approximated,uncertainty
approximately,uncertainty
approximates,uncertainty
approximating,uncertainty
approximation,uncertainty
approximations,uncertainty
arbitrarily,uncertainty
arbitrariness,uncertainty
arbitrary,uncertainty
assume,uncertainty
assumed,uncertainty
assumes,uncertainty
assuming,uncertainty
assumption,uncertainty
assumptions,uncertainty
believe,uncertainty
believed,uncertainty
believes,uncertainty
believing,uncertainty
cautious,uncertainty
cautiously,uncertainty
cautiousness,uncertainty
clarification,uncertainty
clarifications,uncertainty
conceivable,uncertainty
conceivably,uncertainty
conditional,uncertainty
conditionally,uncertainty
confuses,uncertainty
confusing,uncertainty
confusingly,uncertainty
confusion,uncertainty
contingencies,uncertainty
contingency,uncertainty
contingent,uncertainty
contingently,uncertainty
contingents,uncertainty
could,uncertainty
crossroad,uncertainty
crossroads,uncertainty
depend,uncertainty
depended,uncertainty
dependence,uncertainty
dependencies,uncertainty
dependency,uncertainty
dependent,uncertainty
depending,uncertainty
depends,uncertainty
destabilizing,uncertainty
deviate,uncertainty
deviated,uncertainty
deviates,uncertainty
deviating,uncertainty
deviation,uncertainty
deviations,uncertainty
differ,uncertainty
differed,uncertainty
differing,uncertainty
differs,uncertainty
doubt,uncertainty
doubted,uncertainty
doubtful,uncertainty
doubts,uncertainty
exposure,uncertainty
exposures,uncertainty
fluctuate,uncertainty
fluctuated,uncertainty
fluctuates,uncertainty
fluctuating,uncertainty
fluctuation,uncertainty
fluctuations,uncertainty
hidden,uncertainty
hinges,uncertainty
imprecise,uncertainty
imprecision,uncertainty
imprecisions,uncertainty
improbability,uncertainty
improbable,uncertainty
incompleteness,uncertainty
indefinite,uncertainty
indefinitely,uncertainty
indefiniteness,uncertainty
indeterminable,uncertainty
indeterminate,uncertainty
inexact,uncertainty
inexactness,uncertainty
instabilities,uncertainty
instability,uncertainty
intangible,uncertainty
intangibles,uncertainty
likelihood,uncertainty
may,uncertainty
maybe,uncertainty
might,uncertainty
nearly,uncertainty
nonassessable,uncertainty
occasionally,uncertainty
ordinarily,uncertainty
pending,uncertainty
perhaps,uncertainty
possibilities,uncertainty
possibility,uncertainty
possible,uncertainty
possibly,uncertainty
precaution,uncertainty
precautionary,uncertainty
precautions,uncertainty
predict,uncertainty
predictability,uncertainty
predicted,uncertainty
predicting,uncertainty
prediction,uncertainty
predictions,uncertainty
predictive,uncertainty
predictor,uncertainty
predictors,uncertainty
predicts,uncertainty
preliminarily,uncertainty
preliminary,uncertainty
presumably,uncertainty
presume,uncertainty
presumed,uncertainty
presumes,uncertainty
presuming,uncertainty
presumption,uncertainty
presumptions,uncertainty
probabilistic,uncertainty
probabilities,uncertainty
probability,uncertainty
probable,uncertainty
probably,uncertainty
random,uncertainty
randomize,uncertainty
randomized,uncertainty
randomizes,uncertainty
randomizing,uncertainty
randomly,uncertainty
randomness,uncertainty
reassess,uncertainty
reassessed,uncertainty
reassesses,uncertainty
reassessing,uncertainty
reassessment,uncertainty
reassessments,uncertainty
recalculate,uncertainty
recalculated,uncertainty
recalculates,uncertainty
recalculating,uncertainty
recalculation,uncertainty
recalculations,uncertainty
reconsider,uncertainty
reconsidered,uncertainty
reconsidering,uncertainty
reconsiders,uncertainty
reexamination,uncertainty
reexamine,uncertainty
reexamining,uncertainty
reinterpret,uncertainty
reinterpretation,uncertainty
reinterpretations,uncertainty
reinterpreted,uncertainty
reinterpreting,uncertainty
reinterprets,uncertainty
revise,uncertainty
revised,uncertainty
risk,uncertainty
risked,uncertainty
riskier,uncertainty
riskiest,uncertainty
riskiness,uncertainty
risking,uncertainty
risks,uncertainty
risky,uncertainty
roughly,uncertainty
rumors,uncertainty
seems,uncertainty
seldom,uncertainty
seldomly,uncertainty
sometime,uncertainty
sometimes,uncertainty
somewhat,uncertainty
somewhere,uncertainty
speculate,uncertainty
speculated,uncertainty
speculates,uncertainty
speculating,uncertainty
speculation,uncertainty
speculations,uncertainty
speculative,uncertainty
speculatively,uncertainty
sporadic,uncertainty
sporadically,uncertainty
sudden,uncertainty
suddenly,uncertainty
suggest,uncertainty
suggested,uncertainty
suggesting,uncertainty
suggests,uncertainty
susceptibility,uncertainty
tending,uncertainty
tentative,uncertainty
tentatively,uncertainty
turbulence,uncertainty
uncertain,uncertainty
uncertainly,uncertainty
uncertainties,uncertainty
uncertainty,uncertainty
unclear,uncertainty
unconfirmed,uncertainty
undecided,uncertainty
undefined,uncertainty
undesignated,uncertainty
undetectable,uncertainty
undeterminable,uncertainty
undetermined,uncertainty
undocumented,uncertainty
unexpected,uncertainty
unexpectedly,uncertainty
unfamiliar,uncertainty
unfamiliarity,uncertainty
unforecasted,uncertainty
unforseen,uncertainty
unguaranteed,uncertainty
unhedged,uncertainty
unidentifiable,uncertainty
unidentified,uncertainty
unknown,uncertainty
unknowns,uncertainty
unobservable,uncertainty
unplanned,uncertainty
unpredictability,uncertainty
unpredictable,uncertainty
unpredictably,uncertainty
unpredicted,uncertainty
unproved,uncertainty
unproven,uncertainty
unquantifiable,uncertainty
unquantified,uncertainty
unreconciled,uncertainty
unseasonable,uncertainty
unseasonably,uncertainty
unsettled,uncertainty
unspecific,uncertainty
unspecified,uncertainty
untested,uncertainty
unusual,uncertainty
unusually,uncertainty
unwritten,uncertainty
vagaries,uncertainty
vague,uncertainty
vaguely,uncertainty
vagueness,uncertainty
vaguenesses,uncertainty
vaguer,uncertainty
vaguest,uncertainty
variability,uncertainty
variable,uncertainty
variables,uncertainty
variably,uncertainty
variance,uncertainty
variances,uncertainty
variant,uncertainty
variants,uncertainty
variation,uncertainty
variations,uncertainty
varied,uncertainty
varies,uncertainty
vary,uncertainty
varying,uncertainty
volatile,uncertainty
volatilities,uncertainty
volatility,uncertainty
abovementioned,litigious
abrogate,litigious
abrogated,litigious
abrogates,litigious
abrogating,litigious
abrogation,litigious
abrogations,litigious
absolve,litigious
absolved,litigious
absolves,litigious
absolving,litigious
accession,litigious
accessions,litigious
acquirees,litigious
acquirors,litigious
acquit,litigious
acquits,litigious
acquittal,litigious
acquittals,litigious
acquittance,litigious
acquittances,litigious
acquitted,litigious
acquitting,litigious
addendums,litigious
adjourn,litigious
adjourned,litigious
adjourning,litigious
adjournment,litigious
adjournments,litigious
adjourns,litigious
adjudge,litigious
adjudged,litigious
adjudges,litigious
adjudging,litigious
adjudicate,litigious
adjudicated,litigious
adjudicates,litigious
adjudicating,litigious
adjudication,litigious
adjudications,litigious
adjudicative,litigious
adjudicator,litigious
adjudicators,litigious
adjudicatory,litigious
admissibility,litigious
admissible,litigious
admissibly,litigious
admission,litigious
admissions,litigious
affidavit,litigious
affidavits,litigious
affirmance,litigious
affreightment,litigious
aforedescribed,litigious
aforementioned,litigious
aforesaid,litigious
aforestated,litigious
aggrieved,litigious
allegation,litigious
allegations,litigious
allege,litigious
alleged,litigious
allegedly,litigious
alleges,litigious
alleging,litigious
amend,litigious
amendable,litigious
amendatory,litigious
amended,litigious
amending,litigious
amendment,litigious
amendments,litigious
amends,litigious
antecedent,litigious
antecedents,litigious
anticorruption,litigious
antitrust,litigious
anywise,litigious
appeal,litigious
appealable,litigious
appealed,litigious
appealing,litigious
appeals,litigious
appellant,litigious
appellants,litigious
appellate,litigious
appellees,litigious
appointor,litigious
appurtenance,litigious
appurtenances,litigious
appurtenant,litigious
arbitrability,litigious
arbitral,litigious
arbitrate,litigious
arbitrated,litigious
arbitrates,litigious
arbitrating,litigious
arbitration,litigious
arbitrational,litigious
arbitrations,litigious
arbitrative,litigious
arbitrator,litigious
arbitrators,litigious
arrearage,litigious
arrearages,litigious
ascendancy,litigious
ascendant,litigious
ascendants,litigious
assertable,litigious
assignation,litigious
assignations,litigious
assumable,litigious
attest,litigious
attestation,litigious
attestations,litigious
attested,litigious
attesting,litigious
attorn,litigious
attorney,litigious
attorneys,litigious
attornment,litigious
attorns,litigious
bail,litigious
bailed,litigious
bailee,litigious
bailees,litigious
bailiff,litigious
bailiffs,litigious
bailment,litigious
beneficiated,litigious
beneficiation,litigious
bona,litigious
bonafide,litigious
breach,litigious
breached,litigious
breaches,litigious
breaching,litigious
cedant,litigious
cedants,litigious
certiorari,litigious
cession,litigious
chattel,litigious
chattels,litigious
choate,litigious
claim,litigious
claimable,litigious
claimant,litigious
claimants,litigious
claimholder,litigious
claims,litigious
clawbacks,litigious
codefendant,litigious
codefendants,litigious
codicil,litigious
codicils,litigious
codification,litigious
codifications,litigious
codified,litigious
codifies,litigious
codify,litigious
codifying,litigious
collusion,litigious
compensatory,litigious
complainant,litigious
complainants,litigious
condemnor,litigious
confiscatory,litigious
consent,litigious
consented,litigious
consenting,litigious
consents,litigious
conservatorships,litigious
constitution,litigious
constitutional,litigious
constitutionality,litigious
constitutionally,litigious
constitutions,litigious
constitutive,litigious
construe,litigious
construed,litigious
construes,litigious
construing,litigious
contestability,litigious
contestation,litigious
contract,litigious
contracted,litigious
contractholder,litigious
contractholders,litigious
contractible,litigious
contractile,litigious
contracting,litigious
contracts,litigious
contractual,litigious
contractually,litigious
contravene,litigious
contravened,litigious
contravenes,litigious
contravening,litigious
contravention,litigious
contraventions,litigious
controvert,litigious
controverted,litigious
controverting,litigious
conveniens,litigious
conveyance,litigious
conveyances,litigious
convict,litigious
convicted,litigious
convicting,litigious
conviction,litigious
convictions,litigious
coterminous,litigious
counsel,litigious
counseled,litigious
counselled,litigious
counsels,litigious
countersignor,litigious
countersued,litigious
countersuit,litigious
countersuits,litigious
court,litigious
courtroom,litigious
courts,litigious
crime,litigious
crimes,litigious
criminal,litigious
criminality,litigious
criminalize,litigious
criminalizing,litigious
criminally,litigious
criminals,litigious
crossclaim,litigious
crossclaims,litigious
decedent,litigious
decedents,litigious
declarant,litigious
decree,litigious
decreed,litigious
decreeing,litigious
decrees,litigious
defalcation,litigious
defalcations,litigious
defeasance,litigious
defeasances,litigious
defease,litigious
defeased,litigious
defeasement,litigious
defeases,litigious
defeasing,litigious
defectively,litigious
defendable,litigious
defendant,litigious
defendants,litigious
deference,litigious
delegable,litigious
delegatable,litigious
delegatee,litigious
delegees,litigious
demurred,litigious
demurrer,litigious
demurrers,litigious
demurring,litigious
demurs,litigious
depose,litigious
deposed,litigious
deposes,litigious
deposing,litigious
deposition,litigious
depositional,litigious
depositions,litigious
derogate,litigious
derogated,litigious
derogates,litigious
derogating,litigious
derogation,litigious
derogations,litigious
designator,litigious
desist,litigious
detainer,litigious
devisees,litigious
disaffiliation,litigious
disaffirm,litigious
disaffirmance,litigious
disaffirmed,litigious
disaffirms,litigious
dispositive,litigious
dispossession,litigious
dispossessory,litigious
distraint,litigious
distributee,litigious
distributees,litigious
docket,litigious
docketed,litigious
docketing,litigious
dockets,litigious
donees,litigious
duly,litigious
ejectment,litigious
encumber,litigious
encumbered,litigious
encumbering,litigious
encumbers,litigious
encumbrance,litigious
encumbrancer,litigious
encumbrancers,litigious
encumbrances,litigious
endorsee,litigious
enforceability,litigious
enforceable,litigious
enforceably,litigious
escheat,litigious
escheated,litigious
escheatment,litigious
escrowing,litigious
estoppel,litigious
evidential,litigious
evidentiary,litigious
exceedance,litigious
exceedances,litigious
exceedences,litigious
excised,litigious
exculpate,litigious
exculpated,litigious
exculpates,litigious
exculpating,litigious
exculpation,litigious
exculpations,litigious
exculpatory,litigious
executor,litigious
executors,litigious
executory,litigious
executrices,litigious
executrix,litigious
executrixes,litigious
extracontractual,litigious
extracorporeal,litigious
extrajudicial,litigious
facie,litigious
facto,litigious
felonies,litigious
felonious,litigious
felony,litigious
fide,litigious
forbade,litigious
forbear,litigious
forbearance,litigious
forbearances,litigious
forbearing,litigious
forbears,litigious
forebear,litigious
forebearance,litigious
forebears,litigious
forfeitability,litigious
forfeitable,litigious
forthwith,litigious
forwhich,litigious
fugitive,litigious
fugitives,litigious
furtherance,litigious
grantor,litigious
grantors,litigious
henceforth,litigious
henceforward,litigious
hereafter,litigious
hereby,litigious
hereditaments,litigious
herefor,litigious
herefore,litigious
herefrom,litigious
herein,litigious
hereinabove,litigious
hereinafter,litigious
hereinbefore,litigious
hereinbelow,litigious
hereof,litigious
hereon,litigious
hereto,litigious
heretofore,litigious
hereunder,litigious
hereunto,litigious
hereupon,litigious
herewith,litigious
herewithin,litigious
immateriality,litigious
impleaded,litigious
inasmuch,litigious
incapacity,litigious
incarcerate,litigious
incarcerated,litigious
incarcerates,litigious
incarcerating,litigious
incarceration,litigious
incarcerations,litigious
inchoate,litigious
incontestability,litigious
incontestable,litigious
indemnifiable,litigious
indemnification,litigious
indemnifications,litigious
indemnified,litigious
indemnifies,litigious
indemnify,litigious
indemnifying,litigious
indemnitee,litigious
indemnitees,litigious
indemnities,litigious
indemnitor,litigious
indemnitors,litigious
indemnity,litigious
indict,litigious
indictable,litigious
indicted,litigious
indicting,litigious
indictment,litigious
indictments,litigious
indorsees,litigious
inforce,litigious
infraction,litigious
infractions,litigious
infringer,litigious
injunction,litigious
injunctions,litigious
injunctive,litigious
insofar,litigious
interlocutory,litigious
interpleader,litigious
interpose,litigious
interposed,litigious
interposes,litigious
interposing,litigious
interposition,litigious
interpositions,litigious
interrogate,litigious
interrogated,litigious
interrogates,litigious
interrogating,litigious
interrogation,litigious
interrogations,litigious
interrogator,litigious
interrogatories,litigious
interrogators,litigious
interrogatory,litigious
intestacy,litigious
intestate,litigious
irrevocability,litigious
irrevocable,litigious
irrevocably,litigious
joinder,litigious
judicial,litigious
judicially,litigious
judiciaries,litigious
judiciary,litigious
juries,litigious
juris,litigious
jurisdiction,litigious
jurisdictional,litigious
jurisdictionally,litigious
jurisdictions,litigious
jurisprudence,litigious
jurist,litigious
jurists,litigious
juror,litigious
jurors,litigious
jury,litigious
juryman,litigious
justice,litigious
justices,litigious
law,litigious
lawful,litigious
lawfully,litigious
lawfulness,litigious
lawmakers,litigious
lawmaking,litigious
laws,litigious
lawsuit,litigious
lawsuits,litigious
lawyer,litigious
lawyers,litigious
legal,litigious
legalese,litigious
legality,litigious
legalization,litigious
legalizations,litigious
legalize,litigious
legalized,litigious
legalizes,litigious
legalizing,litigious
legally,litigious
legals,litigious
legatee,litigious
legatees,litigious
legislate,litigious
legislated,litigious
legislates,litigious
legislating,litigious
legislation,litigious
legislations,litigious
legislative,litigious
legislatively,litigious
legislator,litigious
legislators,litigious
legislature,litigious
legislatures,litigious
libel,litigious
libeled,litigious
libelous,litigious
libels,litigious
licensable,litigious
lienholders,litigious
litigant,litigious
litigants,litigious
litigate,litigious
litigated,litigious
litigates,litigious
litigating,litigious
litigation,litigious
litigations,litigious
litigator,litigious
litigators,litigious
litigious,litigious
litigiousness,litigious
majeure,litigious
mandamus,litigious
mediate,litigious
mediated,litigious
mediates,litigious
mediating,litigious
mediation,litigious
mediations,litigious
mediator,litigious
mediators,litigious
misdemeanor,litigious
misfeasance,litigious
mistrial,litigious
mistrials,litigious
moreover,litigious
motions,litigious
mutandis,litigious
nolo,litigious
nonappealable,litigious
nonbreaching,litigious
noncontingent,litigious
noncontract,litigious
noncontractual,litigious
noncontributory,litigious
nonfeasance,litigious
nonfiduciary,litigious
nonforfeitability,litigious
nonforfeitable,litigious
nonforfeiture,litigious
nonguarantor,litigious
noninfringement,litigious
noninfringing,litigious
nonjudicial,litigious
nonjudicially,litigious
nonjurisdictional,litigious
nonseverable,litigious
nonterminable,litigious
nonusurious,litigious
notarial,litigious
notaries,litigious
notarization,litigious
notarizations,litigious
notarize,litigious
notarized,litigious
notarizing,litigious
notary,litigious
notwithstanding,litigious
novo,litigious
nullification,litigious
nullifications,litigious
nullified,litigious
nullifies,litigious
nullify,litigious
nullifying,litigious
nullities,litigious
nullity,litigious
obligee,litigious
obligees,litigious
obligor,litigious
obligors,litigious
offense,litigious
offeree,litigious
offerees,litigious
offeror,litigious
offerors,litigious
optionee,litigious
optionees,litigious
overrule,litigious
overruled,litigious
overrules,litigious
overruling,litigious
para,litigious
pari,litigious
passu,litigious
patentee,litigious
pecuniarily,litigious
perjury,litigious
permittee,litigious
permittees,litigious
perpetrate,litigious
perpetrated,litigious
perpetrates,litigious
perpetrating,litigious
perpetration,litigious
personam,litigious
petition,litigious
petitioned,litigious
petitioner,litigious
petitioners,litigious
petitioning,litigious
petitions,litigious
plaintiff,litigious
plaintiffs,litigious
pleading,litigious
pleadings,litigious
pleads,litigious
pleas,litigious
pledgee,litigious
pledgees,litigious
pledgor,litigious
pledgors,litigious
possessory,litigious
postclosing,litigious
postclosure,litigious
postcontract,litigious
postjudgment,litigious
preamendment,litigious
predecease,litigious
predeceased,litigious
predeceases,litigious
predeceasing,litigious
prehearing,litigious
prejudice,litigious
prejudiced,litigious
prejudices,litigious
prejudicial,litigious
prejudicing,litigious
prepetition,litigious
presumptively,litigious
pretrial,litigious
prima,litigious
privity,litigious
probate,litigious
probated,litigious
probates,litigious
probating,litigious
probation,litigious
probational,litigious
probationary,litigious
probationer,litigious
probationers,litigious
probations,litigious
promulgate,litigious
promulgated,litigious
promulgates,litigious
promulgating,litigious
promulgation,litigious
promulgations,litigious
promulgator,litigious
promulgators,litigious
prorata,litigious
proration,litigious
prosecute,litigious
prosecuted,litigious
prosecutes,litigious
prosecuting,litigious
prosecution,litigious
prosecutions,litigious
prosecutor,litigious
prosecutorial,litigious
prosecutors,litigious
proviso,litigious
provisoes,litigious
provisos,litigious
punishable,litigious
quitclaim,litigious
quitclaims,litigious
rata,litigious
ratable,litigious
ratably,litigious
reargument,litigious
rebut,litigious
rebuts,litigious
rebuttable,litigious
rebuttably,litigious
rebuttal,litigious
rebuttals,litigious
rebutted,litigious
rebutting,litigious
recordation,litigious
recoupable,litigious
recoupment,litigious
recoupments,litigious
recourse,litigious
recourses,litigious
rectification,litigious
rectifications,litigious
recusal,litigious
recuse,litigious
recused,litigious
recuses,litigious
recusing,litigious
redact,litigious
redacted,litigious
redacting,litigious
redaction,litigious
redactions,litigious
referenda,litigious
referendum,litigious
referendums,litigious
refile,litigious
refiled,litigious
refiles,litigious
refiling,litigious
regulate,litigious
regulated,litigious
regulates,litigious
regulating,litigious
regulation,litigious
regulations,litigious
regulative,litigious
regulator,litigious
regulators,litigious
regulatory,litigious
rehear,litigious
reheard,litigious
rehearing,litigious
rehearings,litigious
releasees,litigious
remand,litigious
remanded,litigious
remanding,litigious
remands,litigious
remediate,litigious
remediated,litigious
remediating,litigious
remediation,litigious
remediations,litigious
remedied,litigious
remised,litigious
repledged,litigious
replevin,litigious
reprorated,litigious
requester,litigious
requestor,litigious
reregulation,litigious
rescind,litigious
rescinded,litigious
rescinding,litigious
rescinds,litigious
rescission,litigious
rescissions,litigious
restitutionary,litigious
retendering,litigious
retrocede,litigious
retroceded,litigious
retrocessionaires,litigious
revocability,litigious
revocation,litigious
revocations,litigious
ruling,litigious
rulings,litigious
sentenced,litigious
sentencing,litigious
sequestrator,litigious
settlement,litigious
settlements,litigious
severability,litigious
severable,litigious
severally,litigious
severance,litigious
severances,litigious
shall,litigious
statute,litigious
statutes,litigious
statutorily,litigious
statutory,litigious
subclause,litigious
subclauses,litigious
subdocket,litigious
subleasee,litigious
subleasehold,litigious
sublessors,litigious
sublicensee,litigious
sublicensor,litigious
subparagraph,litigious
subparagraphs,litigious
subpoena,litigious
subpoenaed,litigious
subpoenas,litigious
subrogated,litigious
subrogation,litigious
subtrust,litigious
subtrusts,litigious
sue,litigious
sued,litigious
sues,litigious
suing,litigious
summoned,litigious
summoning,litigious
summons,litigious
summonses,litigious
supersede,litigious
supersedeas,litigious
superseded,litigious
supersedes,litigious
superseding,litigious
sureties,litigious
surety,litigious
tenantability,litigious
terminable,litigious
terminus,litigious
testamentary,litigious
testify,litigious
testifying,litigious
testimony,litigious
thence,litigious
thenceforth,litigious
thenceforward,litigious
thereafter,litigious
thereat,litigious
therefrom,litigious
therein,litigious
thereinafter,litigious
thereof,litigious
thereon,litigious
thereover,litigious
thereto,litigious
theretofor,litigious
theretofore,litigious
thereunder,litigious
thereunto,litigious
thereupon,litigious
therewith,litigious
tort,litigious
tortious,litigious
tortiously,litigious
torts,litigious
transferor,litigious
transferors,litigious
unappealable,litigious
unappealed,litigious
unconstitutional,litigious
unconstitutionality,litigious
unconstitutionally,litigious
uncontracted,litigious
undefeased,litigious
undischarged,litigious
unencumber,litigious
unencumbered,litigious
unenforceability,litigious
unenforceable,litigious
unlawful,litigious
unlawfully,litigious
unlawfulness,litigious
unremediated,litigious
unstayed,litigious
unto,litigious
usurious,litigious
usurp,litigious
usurpation,litigious
usurped,litigious
usurping,litigious
usurps,litigious
usury,litigious
vendee,litigious
vendees,litigious
verdict,litigious
verdicts,litigious
viatical,litigious
violative,litigious
voidable,litigious
voided,litigious
voiding,litigious
warrantees,litigious
warrantor,litigious
whatever,litigious
whatsoever,litigious
whensoever,litigious
whereabouts,litigious
whereas,litigious
whereat,litigious
whereby,litigious
wherefore,litigious
wherein,litigious
whereof,litigious
whereon,litigious
whereto,litigious
whereunder,litigious
whereupon,litigious
wherewith,litigious
whistleblowers,litigious
whomever,litigious
whomsoever,litigious
whosoever,litigious
wilful,litigious
willful,litigious
willfully,litigious
willfulness,litigious
witness,litigious
witnesses,litigious
writ,litigious
writs,litigious
abide,constraining
abiding,constraining
bound,constraining
bounded,constraining
commit,constraining
commitment,constraining
commitments,constraining
commits,constraining
committed,constraining
committing,constraining
compel,constraining
compelled,constraining
compelling,constraining
compels,constraining
comply,constraining
compulsion,constraining
compulsory,constraining
confine,constraining
confined,constraining
confinement,constraining
confines,constraining
confining,constraining
constrain,constraining
constrained,constraining
constraining,constraining
constrains,constraining
constraint,constraining
constraints,constraining
covenant,constraining
covenanted,constraining
covenanting,constraining
covenants,constraining
depend,constraining
dependance,constraining
dependances,constraining
dependant,constraining
dependencies,constraining
dependent,constraining
depending,constraining
depends,constraining
dictate,constraining
dictated,constraining
dictates,constraining
dictating,constraining
directive,constraining
directives,constraining
earmark,constraining
earmarked,constraining
earmarking,constraining
earmarks,constraining
encumber,constraining
encumbered,constraining
encumbering,constraining
encumbers,constraining
encumbrance,constraining
encumbrances,constraining
entail,constraining
entailed,constraining
entailing,constraining
entails,constraining
entrench,constraining
entrenched,constraining
escrow,constraining
escrowed,constraining
escrows,constraining
forbade,constraining
forbid,constraining
forbidden,constraining
forbidding,constraining
forbids,constraining
impair,constraining
impaired,constraining
impairing,constraining
impairment,constraining
impairments,constraining
impairs,constraining
impose,constraining
imposed,constraining
imposes,constraining
imposing,constraining
imposition,constraining
impositions,constraining
indebted,constraining
inhibit,constraining
inhibited,constraining
inhibiting,constraining
inhibits,constraining
insist,constraining
insisted,constraining
insistence,constraining
insisting,constraining
insists,constraining
irrevocable,constraining
irrevocably,constraining
limit,constraining
limiting,constraining
limits,constraining
mandate,constraining
mandated,constraining
mandates,constraining
mandating,constraining
mandatory,constraining
manditorily,constraining
necessitate,constraining
necessitated,constraining
necessitates,constraining
necessitating,constraining
noncancelable,constraining
noncancellable,constraining
obligate,constraining
obligated,constraining
obligates,constraining
obligating,constraining
obligation,constraining
obligations,constraining
obligatory,constraining
oblige,constraining
obliged,constraining
obliges,constraining
permissible,constraining
permission,constraining
permissions,constraining
permitted,constraining
permitting,constraining
pledge,constraining
pledged,constraining
pledges,constraining
pledging,constraining
preclude,constraining
precluded,constraining
precludes,constraining
precluding,constraining
precondition,constraining
preconditions,constraining
preset,constraining
prevent,constraining
prevented,constraining
preventing,constraining
prevents,constraining
prohibit,constraining
prohibited,constraining
prohibiting,constraining
prohibition,constraining
prohibitions,constraining
prohibitive,constraining
prohibitively,constraining
prohibitory,constraining
prohibits,constraining
refrain,constraining
refraining,constraining
refrains,constraining
require,constraining
required,constraining
requirement,constraining
requirements,constraining
requires,constraining
requiring,constraining
restrain,constraining
restrained,constraining
restraining,constraining
restrains,constraining
restraint,constraining
restraints,constraining
restrict,constraining
restricted,constraining
restricting,constraining
restriction,constraining
restrictions,constraining
restrictive,constraining
restrictively,constraining
restrictiveness,constraining
restricts,constraining
stipulate,constraining
stipulated,constraining
stipulates,constraining
stipulating,constraining
stipulation,constraining
stipulations,constraining
strict,constraining
stricter,constraining
strictest,constraining
strictly,constraining
unavailability,constraining
unavailable,constraining
aegis,superfluous
amorphous,superfluous
anticipatory,superfluous
appertaining,superfluous
assimilate,superfluous
assimilating,superfluous
assimilation,superfluous
bifurcated,superfluous
bifurcation,superfluous
cessions,superfluous
cognizable,superfluous
concomitant,superfluous
correlative,superfluous
deconsolidation,superfluous
delineation,superfluous
demonstrable,superfluous
demonstrably,superfluous
derecognized,superfluous
derecognizes,superfluous
derivatively,superfluous
effectuate,superfluous
effectuated,superfluous
effectuates,superfluous
effectuating,superfluous
effectuation,superfluous
efficacious,superfluous
efficacy,superfluous
exigent,superfluous
expeditiously,superfluous
extant,superfluous
furthermore,superfluous
germane,superfluous
howsoever,superfluous
impost,superfluous
imposts,superfluous
imputation,superfluous
imputed,superfluous
investigatory,superfluous
mandatorily,superfluous
nonetheless,superfluous
obviate,superfluous
plenary,superfluous
preponderance,superfluous
presumptive,superfluous
propagation,superfluous
proscribe,superfluous
putative,superfluous
recharacterization,superfluous
redetermination,superfluous
redetermined,superfluous
stratum,superfluous
superannuation,superfluous
theses,superfluous
ubiquitous,superfluous
wheresoever,superfluous
whilst,superfluous
